method,dataset,dimensions,hits@5,hits@25,hits@50,time,device
dothash,cddb,300,0.8352941176470589,0.8862745098039215,0.8941176470588236,0.034241827769475375,cpu
dothash,cddb,400,0.8509803921568627,0.8941176470588236,0.8941176470588236,0.03842377342682932,cpu
dothash,cddb,800,0.8823529411764706,0.9019607843137255,0.9058823529411765,0.05422083560395297,cpu
