method,dataset,dimensions,hits@5,hits@25,hits@50,time,device
simhash,cddb,100,0.3058823529411765,0.38823529411764707,0.42745098039215684,0.021294310449295976,cpu
simhash,cddb,200,0.4117647058823529,0.5098039215686274,0.5529411764705883,0.035302201007162616,cpu
simhash,cddb,300,0.4823529411764706,0.5215686274509804,0.5529411764705883,0.047952333516168885,cpu
