method,dataset,dimensions,hits@5,hits@25,hits@50,time,device
minhash,restaurant,100,0.9009009009009009,0.963963963963964,0.972972972972973,0.0015692464713430736,cpu
minhash,restaurant,200,0.9279279279279279,0.972972972972973,0.972972972972973,0.002164565493501809,cpu
minhash,restaurant,300,0.954954954954955,0.972972972972973,0.972972972972973,0.003864930290080555,cpu
