method,dataset,dimensions,hits@5,hits@25,hits@50,time,device
minhash,cddb,100,0.8745098039215686,0.8901960784313725,0.8901960784313725,0.018345193410552362,cpu
minhash,cddb,200,0.8588235294117647,0.8901960784313725,0.8980392156862745,0.028931933780049168,cpu
minhash,cddb,300,0.8745098039215686,0.8980392156862745,0.9019607843137255,0.03361266874018879,cpu
