method,dataset,dimensions,hits@5,hits@25,hits@50,time,device
simhash,restaurant,100,0.4954954954954955,0.7207207207207207,0.7387387387387387,0.001926361269851295,cpu
simhash,restaurant,200,0.5135135135135135,0.6756756756756757,0.7657657657657657,0.002906410710717575,cpu
simhash,restaurant,300,0.5855855855855856,0.6846846846846847,0.7297297297297297,0.003784836583237084,cpu
