method,dataset,dimensions,hits@20,hits@50,hits@100,init_time,calc_time,num_node_pairs,device
minhash,ogbl-ddi,4267,0.0,0.0008015641738270569,0.04113447549985392,66.167508,11.698757099999995,229088,cpu
simhash,ogbl-ddi,4267,0.0006517390946070463,0.0006817041104510484,0.001295986935253092,22.4313645,16.725929699999995,229088,cpu
minhash,ogbl-ddi,4267,0.0,0.0008914592213590633,0.056424124834256004,66.95081869999999,12.256370299999986,229088,cpu
simhash,ogbl-ddi,4267,0.0007266516342170516,0.0007715991579830548,0.0008015641738270569,22.456987700000013,13.933652500000022,229088,cpu
